{
  "maps": {
    "map_3": {
      "11": {
        "x": 261,
        "y": 283,
        "width": 159.86789947620622,
        "height": 60.24941187996319
      },
      "12": {
        "x": 258,
        "y": 340,
        "width": 165,
        "height": 68
      },
      "13": {
        "x": 249,
        "y": 407,
        "width": 187,
        "height": 72
      },
      "14": {
        "x": 248,
        "y": 478,
        "width": 189,
        "height": 66
      },
      "15": {
        "x": 270,
        "y": 544,
        "width": 146,
        "height": 63
      }
    }
  }
}